NUTS2,forest residues,industry wood residues,landscape care,manureslurry,municipal solid waste,not included,straw
AL,0.0,0.0,10.0368,32.0688,,66.03737142857143,98.4096
AT,,,,,,348.03,
AT11,33.6348,4.0374,10.926,19.8648,0.5256,35.2266,179.4204
AT12,33.3684,4.7088,10.926,42.1632,0.5256,35.3754,170.9208
AT13,33.6564,0.0,10.1988,19.8792,0.5256,35.0688,0.0
AT21,33.624,4.598999999999999,10.926,19.8828,0.5256,36.6834,178.8552
AT22,33.4944,8.8164,10.926,43.4052,0.5256,35.6736,234.324
AT31,33.422399999999996,4.365,10.926,42.832800000000006,0.5256,36.419999999999995,166.5756
AT32,33.74640000000001,4.2678,10.926,19.9008,0.5256,36.9048,150.9984
AT33,33.858000000000004,4.1202000000000005,10.926,19.8648,0.5256,38.4996,127.2924
AT34,33.5844,3.8664000000000005,10.926,19.2888,0.5256,32.5836,129.52439999999999
BA,0.0,0.0,10.0368,32.0688,0.5256,66.18548571428572,80.3952
BE,,,,,,354.6936,
BE10,33.7824,0.0,10.1988,16.7544,0.1728,35.528400000000005,0.0
BE19,,7.5204,,,,,62.8128
BE21,34.1892,4.0680000000000005,10.926,43.711200000000005,0.1728,37.9878,107.1324
BE22,34.1856,4.066199999999999,10.926,44.38080000000001,0.1728,37.3842,108.6156
BE23,34.1892,4.066199999999999,10.926,43.1892,0.1728,37.3044,108.1224
BE24,34.3512,4.1058,10.926,46.245599999999996,0.1728,36.5454,106.956
BE25,34.1928,3.8880000000000003,10.926,43.2216,0.1728,36.8442,111.69
BE31,34.11,3.906,9.8856,46.3896,0.1728,36.7932,110.16720000000001
BE32,34.2036,4.0698,9.8856,43.2324,0.1728,36.6546,116.0172
BE33,34.2072,4.7916,9.8856,44.3412,0.1728,36.793800000000005,112.64040000000001
BE34,34.182,5.3262,9.8856,43.394400000000005,0.1728,37.12380000000001,116.59320000000001
BE35,34.272000000000006,4.4496,9.8856,44.3664,0.1728,36.7134,111.09960000000001
BG,,,,,,330.21,
BG31,21.762,3.15,9.558,18.3888,0.0,29.145000000000007,75.4452
BG32,21.7476,2.9664,10.1088,31.0716,0.0,29.856000000000005,65.1348
BG33,21.7476,2.9682,10.1088,31.0212,0.0,30.376800000000003,64.8612
BG34,21.754800000000003,3.3282,10.1088,31.247999999999998,0.0,29.1198,64.2744
BG41,21.7908,3.339,10.1088,30.412799999999997,0.0,30.4308,65.1528
BG42,21.7692,3.6917999999999997,10.1088,18.3312,0.0,30.511800000000004,75.0924
CH,,,,,,571.572,
CH01,0.0,0.0,10.1988,19.447200000000002,0.0,33.4338,95.6952
CH02,0.0,0.0,10.1988,19.4148,0.0,33.4338,97.84800000000001
CH03,0.0,0.0,10.1988,19.3392,0.0,33.4338,142.3908
CH04,0.0,0.0,10.1988,19.1736,0.0,33.4338,95.5764
CH05,0.0,0.0,10.1988,18.7272,0.0,33.4338,96.876
CH06,0.0,0.0,10.1988,19.4652,0.0,33.4338,95.8536
CH07,0.0,0.0,10.1988,19.418400000000002,0.0,33.4338,94.8312
CY,,,,,,556.7148000000001,
CY00,0.0,0.0,10.1088,34.7796,0.014400000000000001,28.006200000000003,83.8332
CZ,,,,,,323.54999999999995,
CZ01,32.1444,3.0654000000000003,10.1088,18.262800000000002,0.0,24.135,99.8784
CZ02,31.8816,3.384,10.1088,30.067200000000003,0.0,31.5384,94.5144
CZ03,31.9536,3.2238,10.1088,29.9052,0.0,32.7468,85.1904
CZ04,31.946400000000004,3.222,10.1088,30.657600000000002,0.0,32.943,95.5476
CZ05,31.946400000000004,3.222,10.1088,29.894399999999997,0.0,31.965000000000003,93.7584
CZ06,31.950000000000003,3.222,10.1088,30.517200000000003,0.0,32.1324,94.986
CZ07,31.9572,3.2238,10.1088,30.294,0.0,32.7054,102.0528
CZ08,31.946400000000004,4.4802,11.322000000000001,30.844800000000003,0.0,33.379200000000004,101.304
DE,,,,,,394.3044,
DE11,33.984,3.861,11.322000000000001,44.668800000000005,0.2268,34.701,117.4752
DE12,33.9588,4.0356,11.322000000000001,42.818400000000004,0.2268,34.344,120.70080000000002
DE13,33.9912,4.0446,11.322000000000001,42.2676,0.2268,34.9146,105.1236
DE14,33.984,3.861,11.322000000000001,42.2856,0.2268,35.417399999999994,114.6132
DE21,34.038,4.2354,11.322000000000001,44.8956,0.2268,35.239200000000004,124.1028
DE22,33.984,3.8628,11.322000000000001,44.6292,0.2268,35.13120000000001,121.4424
DE23,33.9912,4.0428,11.322000000000001,42.1092,0.2268,35.6376,116.44200000000001
DE24,33.9804,3.861,11.322000000000001,42.1704,0.2268,35.9052,124.236
DE25,33.984,3.861,11.322000000000001,42.3468,0.2268,35.3928,114.0192
DE26,33.984,4.041,11.322000000000001,42.156000000000006,0.2268,35.0862,120.7836
DE27,34.0092,3.8682000000000003,11.322000000000001,44.7912,0.2268,35.3304,128.4588
DE30,34.2072,3.906,10.1988,20.422800000000002,0.2268,37.74,67.212
DE40,33.955200000000005,4.2156,11.322000000000001,42.7176,0.2268,35.916599999999995,107.62559999999999
DE50,33.4116,3.7422000000000004,10.1988,20.3724,0.2268,37.0722,56.534400000000005
DE60,34.4592,3.9852,10.1988,20.4552,0.2268,37.6548,57.9636
DE71,34.0056,4.0446,11.322000000000001,41.7708,0.2268,34.5684,118.1196
DE72,33.9912,3.8628,11.322000000000001,41.778,0.2268,34.7946,107.316
DE73,33.9912,4.0428,11.322000000000001,42.022800000000004,0.2268,35.62799999999999,107.03880000000001
DE80,33.984,4.041,12.2112,42.552,0.2268,36.3624,116.2692
DE91,34.11,3.8898,12.2112,41.7312,0.2268,35.506800000000005,115.45920000000001
DE92,33.9516,4.032,12.2112,43.019999999999996,0.2268,35.6106,115.4016
DE93,33.984,4.0428,12.2112,44.6616,0.2268,36.5664,116.712
DE94,33.9912,4.0428,12.2112,44.6904,0.2268,36.3816,114.6312
DEA1,33.984,3.8628,10.4112,43.5924,0.2268,34.644600000000004,114.858
DEA2,33.984,3.861,10.4112,41.479200000000006,0.2268,34.86180000000001,116.37
DEA3,33.984,3.861,10.4112,44.0676,0.2268,36.2676,114.9588
DEA4,33.9804,3.861,10.4112,43.9272,0.2268,36.025200000000005,114.4224
DEA5,33.984,4.041,10.4112,44.650800000000004,0.2268,35.482800000000005,118.0584
DEB1,33.9948,4.0446,10.4112,20.3724,0.2268,34.8084,126.1044
DEB2,33.984,3.861,10.4112,20.4696,0.2268,35.25000000000001,126.054
DEB3,33.984,4.0428,10.4112,20.433600000000002,0.2268,34.3842,117.5616
DEC0,33.998400000000004,3.8628,10.4112,20.4192,0.2268,34.50300000000001,105.732
DED2,33.998400000000004,3.8646,10.4112,43.0632,0.2268,35.2704,114.6708
DED4,33.9912,3.8628,10.4112,43.0488,0.2268,35.2614,115.8768
DED5,33.984,3.8628,10.4112,43.0632,0.2268,35.562000000000005,115.2648
DEE0,33.9912,4.0428,10.1988,20.3904,0.2268,36.732,28.566000000000003
DEF0,33.9804,3.861,10.4112,42.5664,0.2268,36.885600000000004,116.8416
DEG0,33.9912,4.0428,10.4112,41.400000000000006,0.2268,35.626200000000004,116.1936
DK,,,,,,394.47360000000003,
DK01,29.095200000000006,4.202999999999999,10.4112,48.744,0.0108,22.273800000000005,89.9316
DK02,29.2968,4.4334,10.4112,50.166,0.0108,22.3062,90.1944
DK03,29.2752,4.788,10.4112,50.0904,0.0108,22.3026,89.8344
DK04,29.2824,5.3298000000000005,10.4112,50.144400000000005,0.0108,22.3038,89.49959999999999
DK05,29.260800000000003,4.6026,10.4112,50.0256,0.0108,22.299599999999998,89.13600000000001
EE,,,,,,323.0352,
EE00,22.5684,6.0336,10.4112,31.518,0.0108,28.384200000000003,51.1128
EL,,,,,,484.2432,
EL30,31.0284,3.3120000000000003,10.1664,18.6336,0.0,44.649,122.51160000000002
EL41,30.531600000000005,3.1788000000000003,10.1664,15.8832,0.0,47.48760000000001,114.7968
EL42,30.7728,3.4236000000000004,10.4256,17.388,0.0,43.108200000000004,120.43440000000001
EL43,31.132800000000003,3.519,10.4256,19.224,0.0,42.3624,119.0952
EL51,31.0644,3.681,10.4112,36.003600000000006,0.0,38.7978,142.7688
EL52,31.053600000000003,3.8574,10.4112,35.830799999999996,0.0,39.604800000000004,143.2656
EL53,31.0788,3.5046000000000004,8.3088,19.2708,0.0,22.877400000000005,142.9164
EL54,31.1904,3.7134,8.3088,32.742000000000004,0.0,39.6816,144.054
EL61,31.1004,3.69,8.3088,35.1612,0.0,41.1174,147.9024
EL62,30.733200000000004,3.2328,8.3088,16.6536,0.0,39.3408,110.7648
EL63,31.125600000000002,3.5172000000000003,8.3088,36.126000000000005,0.0,44.8836,140.2164
EL64,31.132800000000003,3.699,8.3088,36.3348,0.0,45.7314,148.2948
EL65,31.1004,3.69,8.3088,36.18,0.0,45.754200000000004,124.542
ES,,,,,,443.77559999999994,
ES11,35.589600000000004,4.4568,10.4256,33.8112,0.0,37.437599999999996,116.3844
ES12,35.6904,4.3038,10.4256,19.738799999999998,0.0,39.0048,116.4888
ES13,35.66160000000001,4.1166,10.4256,19.7604,0.0,37.7052,113.4576
ES21,35.607600000000005,4.2822,10.4256,19.71,0.0,36.2676,126.0504
ES22,35.5932,4.2786,10.4256,34.8012,0.0,37.599,134.5968
ES23,35.6004,4.0986,10.4256,33.7896,0.0,39.7182,125.1756
ES24,35.6148,4.644,10.4256,37.166399999999996,0.0,41.992200000000004,126.342
ES30,35.5968,4.1004000000000005,10.4256,35.477999999999994,0.0,48.18359999999999,128.7252
ES41,35.5968,4.8186,10.4256,34.488,0.0,42.2094,128.6316
ES42,35.5824,4.455,10.4256,35.9352,0.0,46.3896,143.0712
ES43,35.5968,4.458600000000001,10.4256,35.769600000000004,0.0,45.55859999999999,135.85320000000002
ES51,35.64,4.6512,10.4256,35.247600000000006,0.0,39.4014,136.31400000000002
ES52,35.5824,4.2749999999999995,10.4256,34.506,0.0,42.999,137.2392
ES53,35.5968,4.0986,10.4256,33.5484,0.0,41.306400000000004,129.0852
ES61,35.6004,4.8204,10.4256,35.5176,0.0,43.660199999999996,134.1612
ES62,35.5824,4.095,10.4256,36.3888,0.0,48.434400000000004,136.0332
ES63,,,10.1988,2.2644,0.0,52.6248,44.4132
ES64,,,,1.9332000000000003,0.0,52.6248,96.8292
ES70,,,,18.6156,0.0,52.6248,98.5716
FI,,,,,,392.92560000000003,
FI19,38.4444,3.7404,10.4256,46.0296,0.162,34.353,71.55720000000001
FI1B,38.82599999999999,3.3030000000000004,10.4256,20.494799999999998,0.162,34.179,74.3364
FI1C,38.836800000000004,3.6648,10.4256,20.473200000000002,0.162,35.3076,74.3832
FI1D,38.82599999999999,4.743,9.997200000000001,42.6456,0.162,28.0254,50.7456
FI20,38.82599999999999,3.123,9.5328,18.3636,0.162,46.126200000000004,51.0444
FR,,,,,,362.07360000000006,
FR10,31.9788,3.6270000000000002,12.204,43.32600000000001,0.2628,34.0644,120.9708
FR21,31.986,3.8070000000000004,12.204,45.2448,0.2628,34.479,117.324
FR22,31.9788,3.6270000000000002,12.204,45.234,0.2628,34.347,123.06240000000001
FR23,31.9824,3.6270000000000002,12.204,43.4664,0.2628,34.0518,117.1944
FR24,31.9788,3.8051999999999997,12.204,43.9632,0.2628,34.5,124.2792
FR25,31.9788,3.6270000000000002,12.204,44.5644,0.2628,33.9558,120.5856
FR26,31.986,3.9888,12.204,43.333200000000005,0.2628,34.1856,117.33120000000001
FR30,31.9788,3.6270000000000002,12.204,43.1208,0.2628,34.209,119.8332
FR41,31.9788,3.8070000000000004,12.204,43.146,0.2628,34.2072,113.63400000000001
FR42,31.9896,3.8088,12.204,41.57640000000001,0.2628,34.455000000000005,117.4608
FR43,31.9788,3.8070000000000004,12.204,43.3116,0.2628,33.921,119.34
FR51,31.986,3.6270000000000002,12.204,43.1568,0.2628,34.2048,122.0616
FR52,31.9788,3.6270000000000002,10.285200000000001,41.9292,0.2628,33.939,116.6364
FR53,31.9788,3.8070000000000004,10.285200000000001,43.257600000000004,0.2628,34.7226,122.76
FR61,31.9968,4.1706,10.285200000000001,44.5968,0.2628,34.3362,109.9692
FR62,32.04,3.8232000000000004,10.285200000000001,42.7068,0.2628,35.1246,116.69040000000001
FR63,31.9824,3.8070000000000004,10.285200000000001,43.956,0.2628,33.854400000000005,109.9512
FR71,32.147999999999996,4.030200000000001,10.285200000000001,44.4384,0.2628,35.7684,122.2416
FR72,31.9788,3.8070000000000004,10.285200000000001,43.614000000000004,0.2628,34.549200000000006,129.8196
FR81,32.0148,3.8160000000000003,10.285200000000001,19.994400000000002,0.2628,38.0862,129.1284
FR82,32.13,3.8466,10.285200000000001,20.0196,0.2628,38.6676,131.8032
FR83,32.1732,3.6792000000000002,10.285200000000001,20.0016,0.2628,39.3468,119.0016
FRA1,,,,17.4312,0.2628,54.2655,94.63680000000001
FRA2,,,,16.0488,0.2628,54.2655,94.08600000000001
FRA3,,,,20.026799999999998,0.2628,54.2655,93.72240000000001
FRA4,,,,19.9296,0.2628,54.2655,93.22200000000001
HR,,,,,,317.3148,
HR03,16.1496,,,,0.1116,28.862399999999997,
HR04,16.1496,,,,0.1116,28.862399999999997,
HU,,,,,,359.3016,
HU10,18.8964,4.0878000000000005,10.285200000000001,31.532400000000003,0.0108,27.302400000000006,85.06800000000001
HU21,18.9,4.0878000000000005,10.285200000000001,30.596400000000003,0.0108,28.029600000000002,87.6132
HU22,18.882,4.4424,10.285200000000001,30.2868,0.0108,28.6272,87.336
HU23,18.9,4.4496,10.285200000000001,31.3956,0.0108,28.653599999999997,86.1444
HU31,18.8964,4.4478,10.285200000000001,31.014,0.0108,28.283400000000004,85.824
HU32,18.9,4.0878000000000005,10.285200000000001,31.719600000000003,0.0108,28.618799999999997,82.1952
HU33,18.8964,4.2678,11.217600000000001,30.8844,0.0108,27.7704,81.0468
IE,,,,,,344.9628,
IE01,31.0608,6.5969999999999995,11.217600000000001,43.506,0.108,32.9934,47.5704
IE02,31.0572,5.6952,11.217600000000001,43.1568,0.108,32.877,46.497600000000006
IS,,,,,,0.0,
IS00,,,,0.0,0.108,0.0,16.5744
IT,,,,,,489.55679999999995,
ITC1,32.068799999999996,4.7376000000000005,11.217600000000001,37.083600000000004,0.2628,40.918200000000006,157.72320000000002
ITC2,32.6124,4.5144,11.217600000000001,21.286800000000003,0.2628,54.597,150.2028
ITC3,31.723200000000002,4.647600000000001,8.586,20.311200000000003,0.2628,42.818999999999996,126.9288
ITC4,32.0544,4.734000000000001,8.586,38.27159999999999,0.2628,41.7954,164.0952
ITF1,31.989600000000003,4.5378,8.586,37.6344,0.2628,42.0744,144.5256
ITF2,31.878,4.329,8.586,40.449600000000004,0.2628,43.027800000000006,145.026
ITF3,31.9248,4.5198,8.586,36.064800000000005,0.2628,43.2252,145.9008
ITF4,31.831200000000003,4.3145999999999995,8.586,40.2696,0.2628,42.337799999999994,140.84640000000002
ITF5,31.870800000000003,4.5054,8.586,36.522000000000006,0.2628,44.715599999999995,145.11599999999999
ITF6,31.896,4.5126,8.586,37.8036,0.2628,42.6492,154.15560000000002
ITG1,31.870800000000003,4.5054,12.625200000000001,36.6984,0.2628,45.14340000000001,133.3404
ITG2,31.8564,4.3218,12.625200000000001,37.0908,0.2628,46.416599999999995,163.4796
ITH1,32.4216,4.6512,12.625200000000001,21.221999999999998,0.2628,46.777800000000006,142.4556
ITH2,32.4108,4.827600000000001,12.625200000000001,21.2472,0.2628,46.7622,141.9372
ITH3,31.9824,4.716,12.625200000000001,37.566,0.2628,41.4822,158.274
ITH4,32.0616,4.7358,12.625200000000001,38.93039999999999,0.2628,42.0642,153.43200000000002
ITH5,31.8636,4.683600000000001,12.625200000000001,37.746,0.2628,41.502,157.8852
ITI1,31.8636,4.683600000000001,12.625200000000001,36.5004,0.2628,40.2114,158.202
ITI2,31.878,4.3272,9.374400000000001,35.7156,0.2628,41.6988,145.2024
ITI3,31.881600000000002,4.5089999999999995,9.374400000000001,40.572,0.2628,40.693799999999996,160.9308
ITI4,31.9068,4.514399999999999,9.0144,40.6728,0.2628,41.6802,152.16840000000002
LT,,,,,,327.366,
LT00,,5.760000000000001,9.0144,31.6116,0.1188,34.668,22.1508
LT09,23.864400000000003,5.796,,,,13.6602,43.29
LU,,,,,,177.3468,
LU00,,,10.1988,0.0,0.4356,23.7708,15.199200000000001
LU09,34.095600000000005,,,,,23.364,
LV,,,,,,308.9052,
LV00,,5.760000000000001,9.0144,31.867200000000004,0.0,46.296,6.5952
LV09,22.514400000000002,5.6736,,,,12.8682,44.172000000000004
MD,0.0,,,,,0.0,
ME,13.9176,8.6022,,34.635600000000004,0.0,15.438342857142857,88.62480000000001
MK,0.0,0.0,10.0368,34.2,0.15839999999999999,64.39114285714285,90.2412
MO,,,10.2744,32.0688,0.15839999999999999,208.4292,100.3608
MT,,,,,,356.76,
MT00,28.4256,,,,0.0,46.9044,
NL,,,,,,379.4688,
NL11,29.595599999999997,3.8789999999999996,9.0144,45.2772,0.1872,42.4548,133.88400000000001
NL12,29.3256,4.0158,9.892800000000001,46.9116,0.1872,42.1584,101.1384
NL13,29.293200000000002,4.1886,9.892800000000001,44.7804,0.1872,42.852000000000004,102.63600000000001
NL21,29.3328,4.3848,9.892800000000001,44.6004,0.1872,41.9082,138.8952
NL22,29.3256,4.9176,9.892800000000001,44.6148,0.1872,40.242599999999996,136.0404
NL23,30.078000000000003,4.023,9.892800000000001,46.404,0.1872,41.602799999999995,136.8108
NL31,29.2536,3.9996,9.892800000000001,44.8164,0.1872,39.917399999999994,126.7164
NL32,29.203200000000002,3.9852,9.892800000000001,44.593199999999996,0.1872,41.1834,135.9468
NL33,29.322000000000003,3.8358,9.892800000000001,21.3444,0.1872,40.677,137.8908
NL34,28.753200000000003,3.6864000000000003,9.892800000000001,39.070800000000006,0.1872,40.507200000000005,130.2552
NL41,29.354400000000002,4.7646,9.892800000000001,44.4996,0.1872,41.037,134.00639999999999
NL42,29.4516,4.2894,9.892800000000001,43.5168,0.1872,39.7368,136.9512
NO,,,,,,375.23519999999996,
NO01,31.294800000000002,2.7216,10.1988,19.526400000000002,0.0108,31.999800000000004,60.674400000000006
NO02,31.352400000000003,2.7216,10.1988,19.526400000000002,0.0108,32.0094,65.0844
NO03,31.3416,3.7152000000000003,10.1988,19.526400000000002,0.0108,32.0076,54.73440000000001
NO04,31.3416,3.7152000000000003,10.1988,19.526400000000002,0.0108,32.0076,54.73440000000001
NO05,31.6044,3.7854,10.1988,19.526400000000002,0.0108,32.052,53.3844
NO06,31.3128,2.7216,10.1988,19.526400000000002,0.0108,32.002199999999995,62.330400000000004
NO07,31.3992,2.7216,10.1988,19.526400000000002,0.0108,32.0172,60.93000000000001
PL,,,,,,319.1184,
PL11,24.6492,2.8026000000000004,9.892800000000001,32.5224,0.0108,28.034999999999997,72.49680000000001
PL12,24.6456,2.8008,9.892800000000001,32.4864,0.0108,27.9798,72.7812
PL21,24.6528,2.8026000000000004,9.892800000000001,30.798000000000002,0.0108,28.7106,76.23
PL22,24.6456,2.8008,9.892800000000001,30.7404,0.0108,28.3794,75.1284
PL31,24.656399999999998,2.8026000000000004,9.892800000000001,31.2372,0.0108,27.8934,71.64
PL32,24.6492,2.8026000000000004,9.892800000000001,31.759200000000003,0.0108,28.407,71.8596
PL33,24.6492,2.6208,9.892800000000001,31.932000000000002,0.0108,27.680400000000002,72.0972
PL34,24.6456,2.8008,9.892800000000001,32.5656,0.0108,28.467000000000002,74.5596
PL41,24.6456,2.8008,9.892800000000001,32.5188,0.0108,28.272000000000002,69.3144
PL42,24.6492,2.8008,9.892800000000001,32.5116,0.0108,28.3686,67.87440000000001
PL43,24.6456,2.8008,9.892800000000001,32.522400000000005,0.0108,28.137,69.6564
PL51,24.6456,2.8008,9.892800000000001,30.067200000000003,0.0108,27.950999999999997,71.7516
PL52,24.6456,2.6208,9.892800000000001,32.2956,0.0108,27.936000000000003,70.2792
PL61,24.6492,2.8026000000000004,9.892800000000001,30.6612,0.0108,28.198800000000002,72.3096
PL62,24.6492,2.8008,9.892800000000001,31.644,0.0108,28.4778,71.4024
PL63,24.6456,2.8008,9.892800000000001,31.9392,0.0108,28.281000000000002,70.524
PT,,,,,,408.57120000000003,
PT11,35.4744,4.4190000000000005,9.892800000000001,30.96,0.018000000000000002,34.8882,87.89760000000001
PT15,35.4636,3.6954,9.892800000000001,18.342,0.018000000000000002,35.943599999999996,101.90520000000001
PT16,35.4636,5.8553999999999995,9.892800000000001,33.732,0.018000000000000002,35.1696,100.98360000000001
PT17,35.3016,3.654,9.892800000000001,31.5324,0.018000000000000002,34.3656,119.286
PT18,35.470800000000004,4.417199999999999,9.892800000000001,32.507999999999996,0.018000000000000002,37.676399999999994,121.608
PT20,,,,14.3352,0.018000000000000002,42.2172,73.9296
PT30,,,,14.904,0.018000000000000002,42.2172,73.4832
RO,,,,,,457.9812,
RO11,19.7568,2.853,9.892800000000001,30.895200000000003,0.3852,28.902600000000003,97.3368
RO12,19.7496,3.0312,9.892800000000001,29.4336,0.3852,27.897000000000002,84.06360000000001
RO21,19.7496,2.8512000000000004,9.892800000000001,30.2832,0.3852,29.284200000000002,88.7004
RO22,19.7424,2.8494000000000006,0.0,17.8452,0.3852,28.699799999999996,90.8928
RO31,19.7496,2.673,0.0,29.851200000000002,0.3852,29.025000000000002,95.6664
RO32,19.774800000000003,2.8386000000000005,0.0,17.8344,0.3852,27.4152,89.9244
RO41,19.7604,2.8548,0.0,17.838,0.3852,28.6908,96.624
RO42,19.7568,4.113,0.0,30.906,0.3852,28.5132,91.2888
RS,0.0,0.0,10.0368,32.0688,0.0,60.70937142857143,85.3848
SE,,,,,,367.3764,
SE11,39.8988,3.2292,9.432,17.974800000000002,0.0108,34.4172,73.8756
SE12,40.3344,3.3462,13.482000000000001,45.7668,0.0108,36.537000000000006,84.4128
SE21,40.3236,3.3426,0.0,46.8324,0.0108,34.494,92.2068
SE22,40.330799999999996,3.3444000000000003,13.482000000000001,43.44840000000001,0.0108,38.4492,98.8704
SE23,40.330799999999996,3.5244,0.0,44.805600000000005,0.0108,73.5156,93.114
SE31,40.3236,3.3426,0.0,47.3904,0.0108,30.238200000000003,98.76599999999999
SE32,40.3236,3.5225999999999997,0.0,20.8116,0.0108,34.743,93.3696
SE33,40.3344,4.7862,0.0,20.8404,0.0108,34.5528,92.1312
SI,,,,,,359.0532,
SI03,22.035600000000002,4.7358,0.0,32.1012,0.432,29.575200000000006,126.108
SI04,22.129199999999997,4.041,0.0,32.436,0.432,29.6778,125.64359999999999
SK,,,,,,350.17920000000004,
SK01,20.9916,3.6593999999999998,0.0,30.452399999999997,0.0,29.743800000000004,113.8392
SK02,20.9628,4.1922,0.0,30.798000000000002,0.0,29.5842,114.9984
SK03,20.9808,5.4576,0.0,30.6612,0.0,29.4816,116.694
SK04,20.9772,4.7358,0.0,30.970799999999997,0.0,29.622,104.23440000000001
TR,,,,,,451.9512,
TR1,,0.36000000000000004,10.1988,,,0.0,
TR10,21.4884,0.0,10.1988,19.224,0.0,28.797,33.6528
TR21,21.4884,3.3984,10.2744,19.259999999999998,0.0,28.797,37.422
TR22,0.0,0.18000000000000002,10.2744,36.4104,0.0,24.611400000000003,116.514
TR31,21.4884,3.3984,10.2744,19.2708,0.0,28.797,115.254
TR32,0.0,0.18000000000000002,10.2744,36.428399999999996,0.0,24.611400000000003,113.9904
TR33,0.0,0.18000000000000002,10.2744,36.41760000000001,0.0,24.611400000000003,114.6564
TR41,0.0,0.18000000000000002,10.2744,36.424800000000005,0.0,24.611400000000003,113.5188
TR42,0.0,0.18000000000000002,10.2744,36.4392,0.0,24.611400000000003,112.3848
TR51,0.0,0.18000000000000002,10.2744,36.43560000000001,0.0,24.611400000000003,112.0032
TR52,0.0,0.18000000000000002,10.2744,36.446400000000004,0.0,24.611400000000003,110.9808
TR61,0.0,0.18000000000000002,8.6796,36.507600000000004,0.0,24.611400000000003,109.9584
TR62,0.0,0.18000000000000002,8.6796,36.4572,0.0,24.611400000000003,121.15440000000001
TR63,,0.18000000000000002,8.6796,36.4752,0.0,36.917100000000005,121.15440000000001
TR71,0.0,0.18000000000000002,8.6796,36.4392,0.0,24.611400000000003,121.15440000000001
TR72,0.0,0.18000000000000002,8.6796,36.432,0.0,24.611400000000003,119.8044
TR81,0.0,0.18000000000000002,8.6796,36.3852,0.0,24.611400000000003,118.4004
TR82,0.0,0.18000000000000002,0.0,36.414,0.0,24.611400000000003,116.9964
TR83,0.0,0.18000000000000002,9.6012,36.4104,0.0,24.611400000000003,121.6692
TR90,,,,36.4212,0.0,36.917100000000005,108.41040000000001
TRA1,,0.18000000000000002,9.6012,36.406800000000004,0.0,36.917100000000005,120.4092
TRA2,,0.18000000000000002,9.6012,36.43560000000001,0.0,36.917100000000005,119.1456
TRB1,,0.18000000000000002,9.6012,36.43560000000001,0.0,36.917100000000005,120.1428
TRB2,,0.18000000000000002,9.6012,36.4104,0.0,36.917100000000005,119.0052
TRC1,,0.18000000000000002,9.6012,36.464400000000005,0.0,36.917100000000005,117.8712
TRC2,,0.18000000000000002,9.6012,36.43560000000001,0.0,36.917100000000005,117.7488
TRC3,,0.18000000000000002,9.6012,36.43560000000001,0.0,36.917100000000005,116.7264
UA,,,10.1988,,,0.0,
UA09,0.0,,,,,0.0,
UK,,,,,,354.82320000000004,
UKC1,29.779200000000003,4.3434,0.0,46.8756,0.0,34.9566,91.09440000000001
UKC2,29.8044,4.5306,0.0,46.735200000000006,0.0,34.9254,66.1572
UKD1,29.8152,4.5324,0.0,46.2492,0.0,40.5114,101.862
UKD3,29.6928,4.329,0.0,47.062799999999996,0.0,40.680600000000005,104.15880000000001
UKD4,29.808,4.3506,0.0,46.306799999999996,0.0,40.503,101.9952
UKD6,29.696400000000004,4.3218,0.0,45.266400000000004,0.0,40.3824,99.5544
UKD7,29.7864,4.3632,0.0,45.65520000000001,0.0,40.629,105.6564
UKE1,29.826,4.356,0.0,45.820800000000006,0.0,39.415200000000006,104.74560000000001
UKE2,29.808,4.3506,0.0,45.67320000000001,0.0,39.3948,104.9616
UKE3,29.772000000000002,4.3362,0.0,45.918000000000006,0.0,39.4656,103.24080000000001
UKE4,29.8116,4.3506,0.0,45.6768,0.0,39.3984,101.5524
UKF1,29.728800000000003,4.3308,10.2816,46.681200000000004,0.0,37.371,100.2492
UKF2,29.8116,4.3506,10.2816,47.394000000000005,0.0,37.4604,102.3912
UKF3,29.808,4.3506,10.2816,47.4264,0.0,37.4604,100.65599999999999
UKG1,29.8188,4.3542000000000005,10.2816,44.117999999999995,0.0,37.1538,101.43
UKG2,29.808,4.3506,10.2816,44.179199999999994,0.0,37.152,102.9888
UKG3,29.628,4.3056,10.2816,45.45,0.0,37.5342,104.2488
UKH1,29.808,4.5324,10.2816,43.0416,0.0,36.4692,100.1196
UKH2,29.797200000000004,4.3488,10.749600000000001,42.9948,0.0,36.4608,100.75319999999999
UKH3,29.79,4.3452,11.0016,42.2892,0.0,36.442800000000005,99.5508
UKI1,30.3912,,10.1988,18.396,0.0,40.861200000000004,72.4608
UKI2,,,10.1988,24.03,0.0,51.1128,70.956
UKJ1,29.8116,4.3524,0.0,47.4912,0.0,36.230399999999996,98.8056
UKJ2,29.8044,4.5306,0.0,47.3364,0.0,36.222,106.1892
UKJ3,29.800800000000002,4.3488,0.0,47.332800000000006,0.0,36.2184,106.128
UKJ4,29.800800000000002,4.3488,0.0,47.318400000000004,0.0,36.2184,105.9948
UKK1,29.8116,4.5324,0.0,45.169200000000004,0.0,36.636,103.0932
UKK2,29.8044,4.3506,0.0,45.162000000000006,0.0,36.6294,101.67840000000001
UKK3,29.7612,4.338,0.0,44.7768,0.0,36.579,100.09440000000001
UKK4,29.8044,4.3506,10.926,45.144000000000005,0.0,36.6276,102.7656
UKL1,29.8044,4.7106,10.926,42.6708,0.0,38.2128,101.49480000000001
UKL2,29.750400000000003,4.5161999999999995,10.926,42.8364,0.0,38.2842,105.5304
UKM2,29.8152,4.8924,10.926,45.468,0.0,31.784400000000005,61.308
UKM3,29.808,4.7106,0.0,45.4752,0.0,31.7814,85.8888
UKM5,29.8044,4.5306,10.0368,45.453599999999994,0.0,31.779,84.7512
UKM6,0.0,0.0,10.0368,45.5112,0.0,25.030200000000004,86.0724
UKN0,26.3016,4.5306,10.0368,45.6336,0.0,31.130399999999998,86.526
XK,0.0,0.0,10.0368,32.0688,0.2628,79.03542857142857,84.888
